<?xml version="1.0"?>
<doc>
    <assembly>
        <name>Badget.LibListview</name>
    </assembly>
    <members>
        <member name="T:Badget.LibListview.Controls.NativeListView">
            <summary>
            An native ListView code by Stefan Baumann (copied from AeroSuite)
            </summary>
            <remarks>
            A ListView with the "Explorer"-WindowTheme applied.
            If the operating system is Windows XP or older, nothing will be changed.
            </remarks>
        </member>
        <member name="M:Badget.LibListview.Controls.NativeListView.#ctor">
            <summary>
            Initializes a new instance of the <see cref="T:Badget.LibListview.Controls.NativeListView"/> class.
            </summary>
        </member>
        <member name="M:Badget.LibListview.Controls.NativeListView.OnHandleCreated(System.EventArgs)">
            <summary>
            Raises the <see cref="E:HandleCreated" /> event.
            </summary>
            <param name="e">The <see cref="T:System.EventArgs"/> instance containing the event data.</param>
        </member>
        <member name="T:Badget.LibListview.Controls.PlatformHelper">
            <summary>
            Provides helper functions for platform management
            </summary>
        </member>
        <member name="M:Badget.LibListview.Controls.PlatformHelper.#cctor">
            <summary>
            Initializes the <see cref="T:Badget.LibListview.Controls.PlatformHelper"/> class.
            </summary>
        </member>
        <member name="P:Badget.LibListview.Controls.PlatformHelper.Win32NT">
            <summary>
            Returns a indicating whether the Operating System is Windows 32 NT based.
            </summary>
            <value>
              <c>true</c> if the Operating System is Windows 32 NT based; otherwise, <c>false</c>.
            </value>
        </member>
        <member name="P:Badget.LibListview.Controls.PlatformHelper.XpOrHigher">
            <summary>
            Returns a value indicating whether the Operating System is Windows XP or higher.
            </summary>
            <value>
              <c>true</c> if the Operating System is Windows 8 or higher; otherwise, <c>false</c>.
            </value>
        </member>
        <member name="P:Badget.LibListview.Controls.PlatformHelper.VistaOrHigher">
            <summary>
            Returns a value indicating whether the Operating System is Windows Vista or higher.
            </summary>
            <value>
              <c>true</c> if the Operating System is Windows Vista or higher; otherwise, <c>false</c>.
            </value>
        </member>
        <member name="P:Badget.LibListview.Controls.PlatformHelper.SevenOrHigher">
            <summary>
            Returns a value indicating whether the Operating System is Windows 7 or higher.
            </summary>
            <value>
              <c>true</c> if the Operating System is Windows 7 or higher; otherwise, <c>false</c>.
            </value>
        </member>
        <member name="P:Badget.LibListview.Controls.PlatformHelper.EightOrHigher">
            <summary>
            Returns a value indicating whether the Operating System is Windows 8 or higher.
            </summary>
            <value>
              <c>true</c> if the Operating System is Windows 8 or higher; otherwise, <c>false</c>.
            </value>
        </member>
        <member name="P:Badget.LibListview.Controls.PlatformHelper.VisualStylesEnabled">
            <summary>
            Returns a value indicating whether Visual Styles are enabled.
            </summary>
            <value>
            <c>true</c> if Visual Styles are enabled; otherwise, <c>false</c>.
            </value>
        </member>
        <member name="T:Badget.LibListview.Controls.BorderStrip">
            <summary>
            Summary description for BorderStrip.
            </summary>
        </member>
        <member name="F:Badget.LibListview.Controls.BorderStrip.components">
            <summary>
            Required designer variable.
            </summary>
        </member>
        <member name="M:Badget.LibListview.Controls.BorderStrip.Dispose(System.Boolean)">
            <summary>
            Clean up any resources being used.
            </summary>
        </member>
        <member name="M:Badget.LibListview.Controls.BorderStrip.InitializeComponent">
            <summary>
            Required method for Designer support - do not modify 
            the contents of this method with the code editor.
            </summary>
        </member>
        <member name="P:Badget.LibListview.Controls.BorderStrip.BorderType">
            <summary>
            how the control looks on the outside
            </summary>
        </member>
        <member name="T:Badget.LibListview.Controls.ColumnStates">
            <summary>
            Column State enumerations
            </summary>
        </member>
        <member name="F:Badget.LibListview.Controls.ColumnStates.csNone">
            <summary>
            Column is in normal state
            </summary>
        </member>
        <member name="F:Badget.LibListview.Controls.ColumnStates.csPressed">
            <summary>
            Column is showing pressed state
            </summary>
        </member>
        <member name="F:Badget.LibListview.Controls.ColumnStates.csHot">
            <summary>
            Mouse cursor is over column header, but not pressed
            </summary>
        </member>
        <member name="T:Badget.LibListview.Controls.GLColumn">
            <summary>
            Summary description for Column.
            </summary>
            
        </member>
        <member name="M:Badget.LibListview.Controls.GLColumn.#ctor">
            <summary>
            Default constructor for use with the collection editor (only)
            </summary>
        </member>
        <member name="M:Badget.LibListview.Controls.GLColumn.#ctor(System.String)">
            <summary>
            Constructor for GLColumn
            </summary>
            <param name="name"></param>
        </member>
        <member name="E:Badget.LibListview.Controls.GLColumn.ChangedEvent">
            <summary>
            Column has changed event
            </summary>
        </member>
        <member name="P:Badget.LibListview.Controls.GLColumn.ActivatedEmbeddedControlTemplate">
            <summary>
            Not sure if I'm going to end up using this
            </summary>
        </member>
        <member name="P:Badget.LibListview.Controls.GLColumn.ActivatedEmbeddedType">
            <summary>
            Type of activated embedded control to use
            </summary>
            <remarks>
            This comes with some built in basic types but is also useable with the User type if you want to put your
            own type in.
            </remarks>
        </member>
        <member name="P:Badget.LibListview.Controls.GLColumn.NumericSort">
            <summary>
            Whether or not NumericSort are visible in this column
            </summary>
        </member>
        <member name="P:Badget.LibListview.Controls.GLColumn.Parent">
            <summary>
            pointer to parent
            </summary>
        </member>
        <member name="P:Badget.LibListview.Controls.GLColumn.CheckBoxes">
            <summary>
            Whether or not checkboxes are visible in this column
            </summary>
        </member>
        <member name="P:Badget.LibListview.Controls.GLColumn.ImageIndex">
            <summary>
            Image Index
            </summary>
            <remarks>
            Index of image based on image list included in main list
            </remarks>
        </member>
        <member name="P:Badget.LibListview.Controls.GLColumn.TextAlignment">
            <summary>
            Alignment of text in the header and in the cells
            </summary>
        </member>
        <member name="P:Badget.LibListview.Controls.GLColumn.ActiveControlItems">
            <summary>
            ActiveControlItems
            </summary>
            <remarks>
            this holds references to items that currently contain live controls.  
            This is an optimization so I don't have to iterate the entire Items list
            each draw cycle to remove controls no longer visible
            </remarks>
        </member>
        <member name="P:Badget.LibListview.Controls.GLColumn.LastSortState">
            <summary>
            Last sort state
            </summary>
        </member>
        <member name="P:Badget.LibListview.Controls.GLColumn.Width">
            <summary>
            Width of column
            </summary>
        </member>
        <member name="P:Badget.LibListview.Controls.GLColumn.Text">
            <summary>
            Text 
            </summary>
        </member>
        <member name="P:Badget.LibListview.Controls.GLColumn.Name">
            <summary>
            Name of the column internally
            </summary>
        </member>
        <member name="P:Badget.LibListview.Controls.GLColumn.State">
            <summary>
            State of the column
            </summary>
        </member>
        <member name="T:Badget.LibListview.Controls.GLColumnCollection">
            <summary>
            gl column collection
            </summary>
        </member>
        <member name="M:Badget.LibListview.Controls.GLColumnCollection.#ctor(Badget.LibListview.Controls.BadgetListView)">
            <summary>
            Constructor
            </summary>
            <param name="parent"></param>
        </member>
        <member name="E:Badget.LibListview.Controls.GLColumnCollection.ChangedEvent">
            <summary>
            Column or Column Collection has changed 
            </summary>
        </member>
        <member name="M:Badget.LibListview.Controls.GLColumnCollection.GLColumn_Changed(System.Object,Badget.LibListview.Controls.ChangedEventArgs)">
            <summary>
            Column has changed.  Pass Event up the chain.
            </summary>
            <param name="source"></param>
            <param name="e"></param>
        </member>
        <member name="P:Badget.LibListview.Controls.GLColumnCollection.Parent">
            <summary>
            pointer to parent
            </summary>
        </member>
        <member name="P:Badget.LibListview.Controls.GLColumnCollection.Item(System.Int32)">
            <summary>
            Indexer
            </summary>
        </member>
        <member name="P:Badget.LibListview.Controls.GLColumnCollection.Item(System.String)">
            <summary>
            Index by column name
            </summary>
        </member>
        <member name="M:Badget.LibListview.Controls.GLColumnCollection.GetColumnIndex(System.String)">
            <summary>
            Get the column index that corresponds to the column name
            </summary>
            <param name="strColumnName"></param>
            <returns></returns>
        </member>
        <member name="P:Badget.LibListview.Controls.GLColumnCollection.Width">
            <summary>
            the combined width of all of the columns
            </summary>
        </member>
        <member name="M:Badget.LibListview.Controls.GLColumnCollection.GetSpanSize(System.String,System.Int32)">
            <summary>
            Get Span Size for column spanning
            </summary>
            <param name="strStartColumnName"></param>
            <param name="nColumnsSpanned"></param>
            <returns></returns>
        </member>
        <member name="M:Badget.LibListview.Controls.GLColumnCollection.Add(Badget.LibListview.Controls.GLColumn)">
            <summary>
            Add a column to collection
            </summary>
            <param name="newColumn"></param>
        </member>
        <member name="M:Badget.LibListview.Controls.GLColumnCollection.Add(System.String,System.Int32)">
            <summary>
            Add Column to collection
            </summary>
            <param name="strColumnName"></param>
            <param name="nColumnWidth"></param>
        </member>
        <member name="M:Badget.LibListview.Controls.GLColumnCollection.Add(System.String,System.Int32,System.Windows.Forms.HorizontalAlignment)">
            <summary>
            Add Column to collection
            </summary>
            <param name="strColumnName"></param>
            <param name="nColumnWidth"></param>
            <param name="align"></param>
        </member>
        <member name="M:Badget.LibListview.Controls.GLColumnCollection.AddRange(Badget.LibListview.Controls.GLColumn[])">
            <summary>
            Add Range of columns to collection
            </summary>
            <param name="columns"></param>
        </member>
        <member name="M:Badget.LibListview.Controls.GLColumnCollection.Remove(System.Int32)">
            <summary>
            Remove Column from collection
            </summary>
            <param name="nColumnIndex"></param>
        </member>
        <member name="M:Badget.LibListview.Controls.GLColumnCollection.Clear">
            <summary>
            Remove all columns from collection
            </summary>
        </member>
        <member name="M:Badget.LibListview.Controls.GLColumnCollection.IndexOf(Badget.LibListview.Controls.GLColumn)">
            <summary>
            Return index of column in collection
            </summary>
            <param name="column"></param>
            <returns></returns>
        </member>
        <member name="M:Badget.LibListview.Controls.GLColumnCollection.ClearStates">
            <summary>
            Clear column states
            </summary>
            <remarks>
            Primarily used to clear pressed / hot states
            </remarks>
        </member>
        <member name="M:Badget.LibListview.Controls.GLColumnCollection.ClearHotStates">
            <summary>
            Clear only hot states from column collection
            </summary>
        </member>
        <member name="M:Badget.LibListview.Controls.GLColumnCollection.AnyPressed">
            <summary>
            if any of the columns are in a pressed state then disable all hotting
            </summary>
            <returns></returns>
        </member>
        <member name="T:Badget.LibListview.Controls.CustomCollectionEditor">
            <summary>
            Class created so we can force an invalidation/update on the control when the column editor returns
            </summary>
        </member>
        <member name="M:Badget.LibListview.Controls.CustomCollectionEditor.#ctor(System.Type)">
            <summary>
            Default Constructor for custom column collection editor
            </summary>
            <param name="type"></param>
        </member>
        <member name="M:Badget.LibListview.Controls.CustomCollectionEditor.EditValue(System.ComponentModel.ITypeDescriptorContext,System.IServiceProvider,System.Object)">
            <summary>
            Called to edit a value in collection editor
            </summary>
            <param name="context"></param>
            <param name="isp"></param>
            <param name="value"></param>
            <returns></returns>
        </member>
        <member name="M:Badget.LibListview.Controls.CustomCollectionEditor.CreateInstance(System.Type)">
            <summary>
            Creates a new instance of a column for custom collection
            </summary>
            <param name="itemType"></param>
            <returns></returns>
        </member>
        <member name="T:Badget.LibListview.Controls.GLColumnConverter">
            <summary>
            GLColumnConverter
            </summary>
            
        </member>
        <member name="M:Badget.LibListview.Controls.GLColumnConverter.CanConvertTo(System.ComponentModel.ITypeDescriptorContext,System.Type)">
            <summary>
            Required for correct collection editor use
            </summary>
            <param name="context"></param>
            <param name="destinationType"></param>
            <returns></returns>
        </member>
        <member name="M:Badget.LibListview.Controls.GLColumnConverter.ConvertTo(System.ComponentModel.ITypeDescriptorContext,System.Globalization.CultureInfo,System.Object,System.Type)">
            <summary>
            Required for correct collection editor use
            </summary>
            <param name="context"></param>
            <param name="culture"></param>
            <param name="value"></param>
            <param name="destinationType"></param>
            <returns></returns>
        </member>
        <member name="T:Badget.LibListview.Controls.SortTypes">
            <summary>
            Types of sorting available
            </summary>
        </member>
        <member name="F:Badget.LibListview.Controls.SortTypes.None">
            <summary>
            No Sorting
            </summary>
        </member>
        <member name="F:Badget.LibListview.Controls.SortTypes.InsertionSort">
            <summary>
            Insertion Sort
            </summary>
        </member>
        <member name="F:Badget.LibListview.Controls.SortTypes.MergeSort">
            <summary>
            Merge Sort
            </summary>
        </member>
        <member name="F:Badget.LibListview.Controls.SortTypes.QuickSort">
            <summary>
            Quick Sort
            </summary>
        </member>
        <member name="T:Badget.LibListview.Controls.ListStates">
            <summary>
            State of the listview
            </summary>
        </member>
        <member name="F:Badget.LibListview.Controls.ListStates.stateNone">
            <summary>
            listview is in normal state
            </summary>
        </member>
        <member name="F:Badget.LibListview.Controls.ListStates.stateSelecting">
            <summary>
            an item is selected in listview
            </summary>
        </member>
        <member name="F:Badget.LibListview.Controls.ListStates.stateColumnSelect">
            <summary>
            a column is selected in listview
            </summary>
        </member>
        <member name="F:Badget.LibListview.Controls.ListStates.stateColumnResizing">
            <summary>
            a column is being selected in listview
            </summary>
        </member>
        <member name="T:Badget.LibListview.Controls.GLListRegion">
            <summary>
            Region reference
            </summary>
        </member>
        <member name="F:Badget.LibListview.Controls.GLListRegion.header">
            <summary>
            Header Area (Column Header)
            </summary>
        </member>
        <member name="F:Badget.LibListview.Controls.GLListRegion.client">
            <summary>
            Client Area (Items)
            </summary>
        </member>
        <member name="F:Badget.LibListview.Controls.GLListRegion.nonclient">
            <summary>
            Non Client Area (Potentitally not on surface)
            </summary>
        </member>
        <member name="T:Badget.LibListview.Controls.GLGridLineStyles">
            <summary>
            Style of grid lines in client area
            </summary>
        </member>
        <member name="F:Badget.LibListview.Controls.GLGridLineStyles.gridNone">
            <summary>
            Do not show a grid at all/// 
            </summary>
        </member>
        <member name="F:Badget.LibListview.Controls.GLGridLineStyles.gridDashed">
            <summary>
            Dashed line grid
            </summary>
        </member>
        <member name="F:Badget.LibListview.Controls.GLGridLineStyles.gridSolid">
            <summary>
            Solid grid line
            </summary>
        </member>
        <member name="T:Badget.LibListview.Controls.GLGridLines">
            <summary>
            Grid Line direction
            </summary>
        </member>
        <member name="F:Badget.LibListview.Controls.GLGridLines.gridBoth">
            <summary>
            Horizontal and Vertical lines
            </summary>
        </member>
        <member name="F:Badget.LibListview.Controls.GLGridLines.gridVertical">
            <summary>
            Vertical Grid
            </summary>
        </member>
        <member name="F:Badget.LibListview.Controls.GLGridLines.gridHorizontal">
            <summary>
            Horizontal Grid
            </summary>
        </member>
        <member name="T:Badget.LibListview.Controls.GLGridTypes">
            <summary>
            Grid type
            </summary>
            <remarks>
            Normal grid shows lines regardless if items exist or not.  If you choose OnExists the lines will
            only show if there are items present.
            </remarks>
        </member>
        <member name="F:Badget.LibListview.Controls.GLGridTypes.gridNormal">
            <summary>
            Normal lines always present
            </summary>
        </member>
        <member name="F:Badget.LibListview.Controls.GLGridTypes.gridOnExists">
            <summary>
            Horizontal Lines only present when items exist
            </summary>
        </member>
        <member name="T:Badget.LibListview.Controls.GLControlStyles">
            <summary>
            Column Header Styles
            </summary>
        </member>
        <member name="F:Badget.LibListview.Controls.GLControlStyles.Normal">
            <summary>
            Common Style
            </summary>
        </member>
        <member name="F:Badget.LibListview.Controls.GLControlStyles.SuperFlat">
            <summary>
            Flat look (much like an HTML list header)
            </summary>
        </member>
        <member name="F:Badget.LibListview.Controls.GLControlStyles.XP">
            <summary>
            Windows XP look header
            </summary>
        </member>
        <member name="T:Badget.LibListview.Controls.GLActivatedEmbeddedTypes">
            <summary>
            Activated Embedding Types
            </summary>
        </member>
        <member name="F:Badget.LibListview.Controls.GLActivatedEmbeddedTypes.None">
            <summary>
            Do not use an activated embedded type for this
            </summary>
        </member>
        <member name="F:Badget.LibListview.Controls.GLActivatedEmbeddedTypes.UserType">
            <summary>
            User fills in Embedded type
            </summary>
        </member>
        <member name="F:Badget.LibListview.Controls.GLActivatedEmbeddedTypes.TextBox">
            <summary>
            Text Box.  Used mostly for editable cells.
            </summary>
        </member>
        <member name="F:Badget.LibListview.Controls.GLActivatedEmbeddedTypes.ComboBox">
            <summary>
            Combo Box.
            </summary>
        </member>
        <member name="F:Badget.LibListview.Controls.GLActivatedEmbeddedTypes.DateTimePicker">
            <summary>
            Date Picker
            </summary>
        </member>
        <member name="T:Badget.LibListview.Controls.BadgetListView">
            <summary>
            Summary description for BadgetListView.
            </summary>
        </member>
        <member name="M:Badget.LibListview.Controls.BadgetListView.DW(System.String)">
            <summary>
            Debugging output routines.  All routines implement this within the glacial list to make routine tracing
            as easy as possible
            </summary>
            <param name="strout"></param>
        </member>
        <member name="M:Badget.LibListview.Controls.BadgetListView.DI(System.String)">
            <summary>
            In order to track all invalidations DI is added around all invalidates
            </summary>
            <param name="strout"></param>
        </member>
        <member name="E:Badget.LibListview.Controls.BadgetListView.SelectedIndexChanged">
            <summary>
            Click happened inside control.  Use ClickEventArgs to find out origination area.
            </summary>
        </member>
        <member name="T:Badget.LibListview.Controls.BadgetListView.ClickedEventHandler">
            <summary>
            Clicked Event Handler delegate definition
            </summary>
        </member>
        <member name="E:Badget.LibListview.Controls.BadgetListView.ColumnClickedEvent">
            <summary>
            Click happened inside control.  Use ClickEventArgs to find out origination area.
            </summary>
        </member>
        <member name="E:Badget.LibListview.Controls.BadgetListView.ItemChangedEvent">
            <summary>
            Item Changed Event
            </summary>
        </member>
        <member name="E:Badget.LibListview.Controls.BadgetListView.ColumnChangedEvent">
            <summary>
            Column Changed Event
            </summary>
        </member>
        <member name="T:Badget.LibListview.Controls.BadgetListView.HoverEventDelegate">
            <summary>
            Hover Event delegate definition
            </summary>
        </member>
        <member name="E:Badget.LibListview.Controls.BadgetListView.HoverEvent">
            <summary>
            A hover event has occured.
            </summary>
            <remarks>
            Use HoverType member of HoverEventArgs to find out if this is a hover origination
            or termination event.
            </remarks>
        </member>
        <member name="P:Badget.LibListview.Controls.BadgetListView.HoverEvents">
            <summary>
            Items HoverEvents.
            </summary>
        </member>
        <member name="P:Badget.LibListview.Controls.BadgetListView.HoverTime">
             <summary>
            
             </summary>
             
        </member>
        <member name="P:Badget.LibListview.Controls.BadgetListView.ActivatedEmbeddedControl">
            <summary>
            Items ActivatedEmbeddedControl.
            </summary>
        </member>
        <member name="P:Badget.LibListview.Controls.BadgetListView.BackgroundStretchToFit">
            <summary>
            Items BackgroundStretchToFit.
            </summary>
        </member>
        <member name="P:Badget.LibListview.Controls.BadgetListView.Selectable">
            <summary>
            Items selectable.
            </summary>
        </member>
        <member name="P:Badget.LibListview.Controls.BadgetListView.HeaderWordWrap">
            <summary>
            Word wrap in header
            </summary>
        </member>
        <member name="P:Badget.LibListview.Controls.BadgetListView.ItemWordWrap">
            <summary>
            Word wrap in cells
            </summary>
        </member>
        <member name="P:Badget.LibListview.Controls.BadgetListView.SuperFlatHeaderColor">
            <summary>
            background color to use if flat
            </summary>
        </member>
        <member name="P:Badget.LibListview.Controls.BadgetListView.ControlStyle">
            <summary>
            Overall look of control
            </summary>
        </member>
        <member name="P:Badget.LibListview.Controls.BadgetListView.AlternatingColors">
            <summary>
            Alternating Colors on or off
            </summary>
        </member>
        <member name="P:Badget.LibListview.Controls.BadgetListView.AlternateBackground">
            <summary>
            second background color if we use alternating colors
            </summary>
        </member>
        <member name="P:Badget.LibListview.Controls.BadgetListView.ShowBorder">
            <summary>
            Whether or not to show a border.
            </summary>
        </member>
        <member name="P:Badget.LibListview.Controls.BadgetListView.SelectedTextColor">
            <summary>
            Color for text in boxes that are selected
            </summary>
        </member>
        <member name="P:Badget.LibListview.Controls.BadgetListView.HotTrackingColor">
            <summary>
            hot tracking
            </summary>
        </member>
        <member name="P:Badget.LibListview.Controls.BadgetListView.HotItemTracking">
            <summary>
            Hot Tracking of columns and items
            </summary>
        </member>
        <member name="P:Badget.LibListview.Controls.BadgetListView.HotColumnTracking">
            <summary>
            Hot Tracking of columns and items
            </summary>
        </member>
        <member name="P:Badget.LibListview.Controls.BadgetListView.ShowFocusRect">
            <summary>
            Show the focus rect or not
            </summary>
        </member>
        <member name="P:Badget.LibListview.Controls.BadgetListView.SortType">
            <summary>
            auto sorting
            </summary>
        </member>
        <member name="P:Badget.LibListview.Controls.BadgetListView.ImageList">
            <summary>
            
            </summary>
        </member>
        <member name="P:Badget.LibListview.Controls.BadgetListView.AllowColumnResize">
            <summary>
            Allow columns to be resized
            </summary>
        </member>
        <member name="P:Badget.LibListview.Controls.BadgetListView.AutoHeight">
            <summary>
            Control resizes height of row based on size.
            </summary>
        </member>
        <member name="P:Badget.LibListview.Controls.BadgetListView.HeaderVisible">
            <summary>
            you want the header to be visible or not
            </summary>
        </member>
        <member name="P:Badget.LibListview.Controls.BadgetListView.Columns">
            <summary>
            Collection of columns
            </summary>
        </member>
        <member name="P:Badget.LibListview.Controls.BadgetListView.Items">
            <summary>
            Collection of items
            </summary>
        </member>
        <member name="P:Badget.LibListview.Controls.BadgetListView.SelectionColor">
            <summary>
            selection bar color
            </summary>
        </member>
        <member name="P:Badget.LibListview.Controls.BadgetListView.FullRowSelect">
            <summary>
            Selection Full Row
            </summary>
        </member>
        <member name="P:Badget.LibListview.Controls.BadgetListView.AllowMultiselect">
            <summary>
            Allow multiple row selection
            </summary>
        </member>
        <member name="P:Badget.LibListview.Controls.BadgetListView.BorderPadding">
            <summary>
            Internal border padding
            </summary>
        </member>
        <member name="P:Badget.LibListview.Controls.BadgetListView.GridLineStyle">
            <summary>
            Grid Line Styles
            </summary>
        </member>
        <member name="P:Badget.LibListview.Controls.BadgetListView.GridTypes">
            <summary>
            What type of grid you want to draw
            </summary>
        </member>
        <member name="P:Badget.LibListview.Controls.BadgetListView.GridLines">
            <summary>
            Grid Lines Type
            </summary>
        </member>
        <member name="P:Badget.LibListview.Controls.BadgetListView.GridColor">
            <summary>
            Color of grid lines.
            </summary>
        </member>
        <member name="P:Badget.LibListview.Controls.BadgetListView.ItemHeight">
            <summary>
            how big do we want the individual items to be
            </summary>
        </member>
        <member name="P:Badget.LibListview.Controls.BadgetListView.HeaderHeight">
            <summary>
            Force header height.
            </summary>
        </member>
        <member name="P:Badget.LibListview.Controls.BadgetListView.CellPaddingSize">
            <summary>
            amount of space inside any given cell to borders
            </summary>
        </member>
        <member name="P:Badget.LibListview.Controls.BadgetListView.ThemesAvailable">
            <summary>
            Are themes available for this control?
            </summary>
        </member>
        <member name="P:Badget.LibListview.Controls.BadgetListView.SelectedItems">
            <summary>
            returns a list of only the selected items
            </summary>
        </member>
        <member name="P:Badget.LibListview.Controls.BadgetListView.SelectedIndicies">
            <summary>
            returns a list of only the selected items indexes
            </summary>
        </member>
        <member name="P:Badget.LibListview.Controls.BadgetListView.HotColumnIndex">
            <summary>
            currently Hot Column
            </summary>
        </member>
        <member name="P:Badget.LibListview.Controls.BadgetListView.HotItemIndex">
            <summary>
            Current Hot Item
            </summary>
        </member>
        <member name="P:Badget.LibListview.Controls.BadgetListView.FocusedItem">
            <summary>
            Currently focused item
            </summary>
        </member>
        <member name="P:Badget.LibListview.Controls.BadgetListView.Count">
            <summary>
            Current count of items in collection.
            </summary>
        </member>
        <member name="P:Badget.LibListview.Controls.BadgetListView.TotalRowHeight">
            <summary>
            Calculates total height of all rows combined.
            </summary>
        </member>
        <member name="P:Badget.LibListview.Controls.BadgetListView.VisibleRowsCount">
            <summary>
            Number of rows currently visible
            </summary>
        </member>
        <member name="P:Badget.LibListview.Controls.BadgetListView.MaxHeight">
            <summary>
            Max Height of any given row at any given time.  Used with AutoHeight exclusively.
            </summary>
        </member>
        <member name="P:Badget.LibListview.Controls.BadgetListView.HeaderRect">
            <summary>
            Rect of header area
            </summary>
        </member>
        <member name="P:Badget.LibListview.Controls.BadgetListView.RowsClientRect">
            <summary>
            Row Client Rectangle
            </summary>
        </member>
        <member name="P:Badget.LibListview.Controls.BadgetListView.RowsRect">
            <summary>
            Full Sized rectangle of all columns total width.
            </summary>
        </member>
        <member name="P:Badget.LibListview.Controls.BadgetListView.RowsInnerClientRect">
            <summary>
            The inner rectangle of the client inside parent control taking scroll bars into account.
            </summary>
        </member>
        <member name="M:Badget.LibListview.Controls.BadgetListView.#ctor">
            <summary>
            constructor
            </summary>
        </member>
        <member name="M:Badget.LibListview.Controls.BadgetListView.Dispose(System.Boolean)">
            <summary>
            Clean up any resources being used.
            </summary>
        </member>
        <member name="M:Badget.LibListview.Controls.BadgetListView.DestroyActivatedEmbedded">
            <summary>
            If an activated embedded control exists, remove and unload it
            </summary>
        </member>
        <member name="M:Badget.LibListview.Controls.BadgetListView.ActivateEmbeddedControl(System.Int32,Badget.LibListview.Controls.GLItem,Badget.LibListview.Controls.GLSubItem)">
            <summary>
            Instance the activated embeddec control for this item/column
            </summary>
            <param name="nColumn"></param>
            <param name="item"></param>
            <param name="subItem"></param>
        </member>
        <member name="M:Badget.LibListview.Controls.BadgetListView.tb_KeyPress(System.Object,System.Windows.Forms.KeyPressEventArgs)">
            <summary>
            check for return (if we get it, deactivate)
            </summary>
            <param name="sender"></param>
            <param name="e"></param>
        </member>
        <member name="M:Badget.LibListview.Controls.BadgetListView.PreProcessMessage(System.Windows.Forms.Message@)">
            <summary>
            keep certain keys here
            </summary>
            <param name="msg"></param>
            <returns></returns>
        </member>
        <member name="M:Badget.LibListview.Controls.BadgetListView.m_TimerTick(System.Object,System.EventArgs)">
            <summary>
            Timer handler.  This mostly deals with the hover technology with events firing.
            </summary>
            <param name="sender"></param>
            <param name="e"></param>
        </member>
        <member name="M:Badget.LibListview.Controls.BadgetListView.Items_Changed(System.Object,Badget.LibListview.Controls.ChangedEventArgs)">
            <summary>
            Item has changed, fire event
            </summary>
            <param name="source"></param>
            <param name="e"></param>
        </member>
        <member name="M:Badget.LibListview.Controls.BadgetListView.Columns_Changed(System.Object,Badget.LibListview.Controls.ChangedEventArgs)">
            <summary>
            Column has changed, fire event
            </summary>
            <param name="source"></param>
            <param name="e"></param>
        </member>
        <member name="M:Badget.LibListview.Controls.BadgetListView.OnGotFocus(System.EventArgs)">
            <summary>
            When the control receives focus
            
            this routine is the one that makes absolute certain if the embedded control loses focus then 
            the embedded control is destroyed
            </summary>
            <param name="e"></param>
        </member>
        <member name="M:Badget.LibListview.Controls.BadgetListView.IsItemVisible(Badget.LibListview.Controls.GLItem)">
            <summary>
            This is an OPTIMIZED routine to see if an item is visible.
            
            The other method of just checking against the item index was slow becuase it had to walk the entire list, which would massively
            slow down the control when large numbers of items were added.
            </summary>
            <param name="item"></param>
            <returns></returns>
        </member>
        <member name="M:Badget.LibListview.Controls.BadgetListView.BeginUpdate">
            <summary>
            Tell paint to stop worry about updates
            </summary>
        </member>
        <member name="M:Badget.LibListview.Controls.BadgetListView.EndUpdate">
            <summary>
            Tell paint to start worrying about updates again and repaint while your at it
            </summary>
        </member>
        <member name="M:Badget.LibListview.Controls.BadgetListView.InterpretCoords(System.Int32,System.Int32,Badget.LibListview.Controls.GLListRegion@,System.Int32@,System.Int32@,System.Int32@,System.Int32@,Badget.LibListview.Controls.ListStates@)">
            <summary>
            interpret mouse coordinates
            
            ok, I've violated the spirit of this routine a couple times (but no more!).  Do NOT put anything
            functional in this routine.  It is ONLY for analyzing the mouse coordinates.  Do not break this again!
            </summary>
            <param name="nScreenX"></param>
            <param name="nScreenY"></param>
            <param name="listRegion"></param>
            <param name="nCellX"></param>
            <param name="nCellY"></param>
            <param name="nItem"></param>
            <param name="nColumn"></param>
            <param name="nState"></param>
        </member>
        <member name="M:Badget.LibListview.Controls.BadgetListView.GetColumnScreenX(System.Int32)">
            <summary>
            return the X starting point of a particular column
            </summary>
            <param name="nColumn"></param>
            <returns></returns>
        </member>
        <member name="M:Badget.LibListview.Controls.BadgetListView.SortColumn(System.Int32)">
            <summary>
            Sort a column.
            
            Set to virtual so you can write your own sorting
            </summary>
            <param name="nColumn"></param>
        </member>
        <member name="M:Badget.LibListview.Controls.BadgetListView.AreThemesAvailable">
            <summary>
            see if themes are available
            </summary>
            <returns></returns>
        </member>
        <member name="M:Badget.LibListview.Controls.BadgetListView.OnResize(System.EventArgs)">
            <summary>
            Control is resizing, handle invalidations
            </summary>
            <param name="e"></param>
        </member>
        <member name="M:Badget.LibListview.Controls.BadgetListView.OnPaint(System.Windows.Forms.PaintEventArgs)">
            <summary>
            Entry point to paint routines
            </summary>
            <param name="e"></param>
        </member>
        <member name="M:Badget.LibListview.Controls.BadgetListView.DrawHeader(System.Drawing.Graphics,System.Drawing.Size)">
            <summary>
            Draw Header Control
            </summary>
            <param name="graphicHeader"></param>
            <param name="sizeHeader"></param>
        </member>
        <member name="M:Badget.LibListview.Controls.BadgetListView.DrawColumnHeader(System.Drawing.Graphics,System.Drawing.Rectangle,Badget.LibListview.Controls.GLColumn)">
            <summary>
            Draw column in header control
            </summary>
            <param name="graphicsColumn"></param>
            <param name="rectColumn"></param>
            <param name="column"></param>
        </member>
        <member name="M:Badget.LibListview.Controls.BadgetListView.DrawRows(System.Drawing.Graphics)">
            <summary>
            Draw client rows of list control
            </summary>
            <param name="graphicsRows"></param>
        </member>
        <member name="M:Badget.LibListview.Controls.BadgetListView.DrawRow(System.Drawing.Graphics,System.Drawing.Rectangle,Badget.LibListview.Controls.GLItem,System.Int32)">
            <summary>
            Draw row at specified coordinates
            </summary>
            <param name="graphicsRow"></param>
            <param name="rectRow"></param>
            <param name="item"></param>
            <param name="nItemIndex"></param>
        </member>
        <member name="M:Badget.LibListview.Controls.BadgetListView.DrawSubItem(System.Drawing.Graphics,System.Drawing.Rectangle,Badget.LibListview.Controls.GLItem,Badget.LibListview.Controls.GLSubItem,System.Int32)">
            <summary>
            Draw Sub Item (Cell) at location specified
            </summary>
            <param name="graphicsSubItem"></param>
            <param name="rectSubItem"></param>
            <param name="item"></param>
            <param name="subItem"></param>
            <param name="nColumn"></param>
        </member>
        <member name="M:Badget.LibListview.Controls.BadgetListView.DrawCheckBox(System.Drawing.Graphics,System.Drawing.Rectangle,System.Boolean)">
            <summary>
            Draw a checkbox on the sub item
            </summary>
            <param name="graphicsCell"></param>
            <param name="rectCell"></param>
            <param name="bChecked"></param>
            <returns></returns>
        </member>
        <member name="M:Badget.LibListview.Controls.BadgetListView.DrawCellGraphic(System.Drawing.Graphics,System.Drawing.Rectangle,System.Drawing.Image,System.Windows.Forms.HorizontalAlignment)">
            <summary>
            draw the contents of a cell, do not draw any background or associated things
            </summary>
            <param name="graphicsCell"></param>
            <param name="rectCell"></param>
            <param name="img"></param>
            <param name="alignment"></param>
            <returns>
            returns the area of the cell that is left for you to put anything else on.
            </returns>
        </member>
        <member name="M:Badget.LibListview.Controls.BadgetListView.DrawCellText(System.Drawing.Graphics,System.Drawing.Rectangle,System.String,System.Drawing.ContentAlignment,System.Drawing.Color,System.Boolean,System.Boolean)">
            <summary>
            Draw cell text is used by header and cell to draw properly aligned text in subitems.
            </summary>
            <param name="graphicsCell"></param>
            <param name="rectCell"></param>
            <param name="strCellText"></param>
            <param name="alignment"></param>
            <param name="textColor"></param>
            <param name="bSelected"></param>
            <param name="bWordWrap"></param>
        </member>
        <member name="M:Badget.LibListview.Controls.BadgetListView.DrawGridLines(System.Drawing.Graphics,System.Drawing.Rectangle)">
            <summary>
            Draw grid lines in client area
            </summary>
            <param name="RowsDC"></param>
            <param name="rect"></param>
        </member>
        <member name="M:Badget.LibListview.Controls.BadgetListView.RecalcScroll">
            <summary>
            Recalculate scroll bars and control size
            </summary>
        </member>
        <member name="M:Badget.LibListview.Controls.BadgetListView.vPanelScrollBar_Scroll(System.Object,System.Windows.Forms.ScrollEventArgs)">
            <summary>
            Handle vertical scroll bar movement
            </summary>
            <param name="sender"></param>
            <param name="e"></param>
        </member>
        <member name="M:Badget.LibListview.Controls.BadgetListView.hPanelScrollBar_Scroll(System.Object,System.Windows.Forms.ScrollEventArgs)">
            <summary>
            Handle horizontal scroll bar movement
            </summary>
            <param name="sender"></param>
            <param name="e"></param>
        </member>
        <member name="M:Badget.LibListview.Controls.BadgetListView.OnDoubleClick(System.EventArgs)">
            <summary>
            OnDoubleclick
            
            if someone double clicks on an area, we need to start a control potentially
            </summary>
            <param name="e"></param>
        </member>
        <member name="M:Badget.LibListview.Controls.BadgetListView.OnMouseDownFromSubItem(System.Object,System.Windows.Forms.MouseEventArgs)">
            <summary>
            had to put this routine in because of overriden protection level being unchangable
            </summary>
            <param name="Sender"></param>
            <param name="e"></param>
        </member>
        <member name="M:Badget.LibListview.Controls.BadgetListView.OnMouseLeave(System.EventArgs)">
            <summary>
            Mouse has left the control area
            </summary>
            <param name="e"></param>
        </member>
        <member name="M:Badget.LibListview.Controls.BadgetListView.OnMouseDown(System.Windows.Forms.MouseEventArgs)">
            <summary>
            mouse button pressed
            </summary>
            <param name="e"></param>
        </member>
        <member name="M:Badget.LibListview.Controls.BadgetListView.OnMouseMove(System.Windows.Forms.MouseEventArgs)">
            <summary>
            when mouse moves
            </summary>
            <param name="e"></param>
        </member>
        <member name="M:Badget.LibListview.Controls.BadgetListView.OnMouseUp(System.Windows.Forms.MouseEventArgs)">
            <summary>
            mouse up
            </summary>
            <param name="e"></param>
        </member>
        <member name="T:Badget.LibListview.Controls.GLComboBox">
            <summary>
            Summary description for GLComboBox.
            </summary>
        </member>
        <member name="F:Badget.LibListview.Controls.GLComboBox.components">
            <summary> 
            Required designer variable.
            </summary>
        </member>
        <member name="M:Badget.LibListview.Controls.GLComboBox.Dispose(System.Boolean)">
            <summary> 
            Clean up any resources being used.
            </summary>
        </member>
        <member name="M:Badget.LibListview.Controls.GLComboBox.InitializeComponent">
            <summary> 
            Required method for Designer support - do not modify 
            the contents of this method with the code editor.
            </summary>
        </member>
        <member name="T:Badget.LibListview.Controls.GLDateTimePicker">
            <summary>
            Summary description for GLDateTimePicker.
            </summary>
        </member>
        <member name="F:Badget.LibListview.Controls.GLDateTimePicker.components">
            <summary> 
            Required designer variable.
            </summary>
        </member>
        <member name="M:Badget.LibListview.Controls.GLDateTimePicker.Dispose(System.Boolean)">
            <summary> 
            Clean up any resources being used.
            </summary>
        </member>
        <member name="M:Badget.LibListview.Controls.GLDateTimePicker.InitializeComponent">
            <summary> 
            Required method for Designer support - do not modify 
            the contents of this method with the code editor.
            </summary>
        </member>
        <member name="T:Badget.LibListview.Controls.GLEmbeddedControl">
            <summary>
            Interface you must include for a control to be activated embedded useable
            </summary>
        </member>
        <member name="P:Badget.LibListview.Controls.GLEmbeddedControl.Item">
            <summary>
            item this control is embedded in
            </summary>
        </member>
        <member name="P:Badget.LibListview.Controls.GLEmbeddedControl.SubItem">
            <summary>
            Sub item this control is embedded in
            </summary>
        </member>
        <member name="P:Badget.LibListview.Controls.GLEmbeddedControl.ListControl">
            <summary>
            Parent control
            </summary>
        </member>
        <member name="M:Badget.LibListview.Controls.GLEmbeddedControl.GLReturnText">
            <summary>
            This returns the current text output as entered into the control right now
            </summary>
            <returns></returns>
        </member>
        <member name="M:Badget.LibListview.Controls.GLEmbeddedControl.GLLoad(Badget.LibListview.Controls.GLItem,Badget.LibListview.Controls.GLSubItem,Badget.LibListview.Controls.BadgetListView)">
            <summary>
            Called when the control is loaded
            </summary>
            <param name="item"></param>
            <param name="subItem"></param>
            <param name="listctrl"></param>
            <returns></returns>
        </member>
        <member name="M:Badget.LibListview.Controls.GLEmbeddedControl.GLUnload">
            <summary>
            Called when control is being destructed
            </summary>
        </member>
        <member name="T:Badget.LibListview.Controls.GLMergeSort">
            <summary>
            Summary description for GLMergeSort.
            </summary>
        </member>
        <member name="F:Badget.LibListview.Controls.GLMergeSort.m_bNumericCompare">
            <summary>
            compare only numeric values in items.  Warning, this can end up slowing down routine quite a bit
            </summary>
        </member>
        <member name="F:Badget.LibListview.Controls.GLMergeSort.m_bStopRequested">
            <summary>
            Stop this sort before it finishes
            </summary>
        </member>
        <member name="F:Badget.LibListview.Controls.GLMergeSort.m_nSortColumn">
            <summary>
            Column within the items structure to sort
            </summary>
        </member>
        <member name="F:Badget.LibListview.Controls.GLMergeSort.m_SortDirection">
            <summary>
            Direction this sorting routine will move items
            </summary>
        </member>
        <member name="T:Badget.LibListview.Controls.SortDirections">
            <summary>
            Direction of column sorting
            </summary>
        </member>
        <member name="F:Badget.LibListview.Controls.SortDirections.SortAscending">
            <summary>
            Ascending Items
            </summary>
        </member>
        <member name="F:Badget.LibListview.Controls.SortDirections.SortDescending">
            <summary>
            Descending Items
            </summary>
        </member>
        <member name="T:Badget.LibListview.Controls.GLQuickSort">
            <summary>
            Summary description for GLQuickSort.
            </summary>
        </member>
        <member name="F:Badget.LibListview.Controls.GLQuickSort.m_bNumericCompare">
            <summary>
            compare only numeric values in items.  Warning, this can end up slowing down routine quite a bit
            </summary>
        </member>
        <member name="F:Badget.LibListview.Controls.GLQuickSort.m_bStopRequested">
            <summary>
            Stop this sort before it finishes
            </summary>
        </member>
        <member name="F:Badget.LibListview.Controls.GLQuickSort.m_nSortColumn">
            <summary>
            Column within the items structure to sort
            </summary>
        </member>
        <member name="F:Badget.LibListview.Controls.GLQuickSort.m_SortDirection">
            <summary>
            Direction this sorting routine will move items
            </summary>
        </member>
        <member name="T:Badget.LibListview.Controls.GLTextBox">
            <summary>
            Summary description for GLTextBox.
            </summary>
        </member>
        <member name="F:Badget.LibListview.Controls.GLTextBox.components">
            <summary>
            Required designer variable.
            </summary>
        </member>
        <member name="M:Badget.LibListview.Controls.GLTextBox.Dispose(System.Boolean)">
            <summary>
            Clean up any resources being used.
            </summary>
        </member>
        <member name="M:Badget.LibListview.Controls.GLTextBox.InitializeComponent">
            <summary>
            Required method for Designer support - do not modify 
            the contents of this method with the code editor.
            </summary>
        </member>
        <member name="T:Badget.LibListview.Controls.RECT">
            <summary>
            Internal struct for use with the header style flat only
            </summary>
        </member>
        <member name="T:Badget.LibListview.Controls.ChangedEventHandler">
            <summary>
            Delegate for changed events within Columns, Items, and SubItems
            </summary>
        </member>
        <member name="T:Badget.LibListview.Controls.ChangedTypes">
            <summary>
            Change events that are filtered up out of the control
            </summary>
        </member>
        <member name="F:Badget.LibListview.Controls.ChangedTypes.GeneralInvalidate">
            <summary>
            Invalidation Fired
            </summary>
        </member>
        <member name="F:Badget.LibListview.Controls.ChangedTypes.SubItemChanged">
            <summary>
            Sub Item Changed
            </summary>
        </member>
        <member name="F:Badget.LibListview.Controls.ChangedTypes.SubItemCollectionChanged">
            <summary>
            Sub Item Collection Changed
            </summary>
        </member>
        <member name="F:Badget.LibListview.Controls.ChangedTypes.ItemChanged">
            <summary>
            Item Changed
            </summary>
        </member>
        <member name="F:Badget.LibListview.Controls.ChangedTypes.ItemCollectionChanged">
            <summary>
            Item Collection Changed
            </summary>
        </member>
        <member name="F:Badget.LibListview.Controls.ChangedTypes.ColumnChanged">
            <summary>
            Column changed
            </summary>
        </member>
        <member name="F:Badget.LibListview.Controls.ChangedTypes.ColumnCollectionChanged">
            <summary>
            Column Collection Changed
            </summary>
        </member>
        <member name="F:Badget.LibListview.Controls.ChangedTypes.FocusedChanged">
            <summary>
            Focus Changed
            </summary>
        </member>
        <member name="F:Badget.LibListview.Controls.ChangedTypes.SelectionChanged">
            <summary>
            A different item is now selected
            </summary>
        </member>
        <member name="F:Badget.LibListview.Controls.ChangedTypes.ColumnStateChanged">
            <summary>
            Column state has changed
            </summary>
        </member>
        <member name="T:Badget.LibListview.Controls.ChangedEventArgs">
            <summary>
            Changed Event Args
            </summary>
        </member>
        <member name="M:Badget.LibListview.Controls.ChangedEventArgs.#ctor(Badget.LibListview.Controls.ChangedTypes,Badget.LibListview.Controls.GLColumn,Badget.LibListview.Controls.GLItem,Badget.LibListview.Controls.GLSubItem)">
            <summary>
            Changes in the columns, items or subitems
            </summary>
            <param name="ctType"></param>
            <param name="column"></param>
            <param name="item"></param>
            <param name="subItem"></param>
        </member>
        <member name="P:Badget.LibListview.Controls.ChangedEventArgs.Column">
            <summary>
            Column Name
            </summary>
        </member>
        <member name="P:Badget.LibListview.Controls.ChangedEventArgs.Item">
            <summary>
            Item Name
            </summary>
        </member>
        <member name="P:Badget.LibListview.Controls.ChangedEventArgs.SubItem">
            <summary>
            SubItem Name
            </summary>
        </member>
        <member name="P:Badget.LibListview.Controls.ChangedEventArgs.ChangedType">
            <summary>
            Type of change
            </summary>
        </member>
        <member name="T:Badget.LibListview.Controls.GLStringHelpers">
            <summary>
            String Manipulation Help
            </summary>
        </member>
        <member name="M:Badget.LibListview.Controls.GLStringHelpers.TruncateString(System.String,System.Int32,System.Drawing.Graphics,System.Drawing.Font)">
            <summary>
            Truncate a string.
            
            This function also handles truncation of multiline strings
            </summary>
            <param name="strText"></param>
            <param name="nWidth"></param>
            <param name="subDC"></param>
            <param name="font"></param>
            <returns>
            Truncated string
            </returns>
        </member>
        <member name="M:Badget.LibListview.Controls.GLStringHelpers.MeasureMultiLineString(System.String,System.Drawing.Graphics,System.Drawing.Font)">
            <summary>
            Measure a multi lined string
            </summary>
            <param name="strText"></param>
            <param name="mDC"></param>
            <param name="font"></param>
            <returns></returns>
        </member>
        <member name="T:Badget.LibListview.Controls.ClickEventArgs">
            <summary>
            Clicked Event Args
            </summary>
        </member>
        <member name="M:Badget.LibListview.Controls.ClickEventArgs.#ctor(System.Int32,System.Int32)">
            <summary>
            Constructor
            </summary>
            <param name="itemindex"></param>
            <param name="columnindex"></param>
        </member>
        <member name="P:Badget.LibListview.Controls.ClickEventArgs.ItemIndex">
            <summary>
            Index of item clicked
            </summary>
        </member>
        <member name="P:Badget.LibListview.Controls.ClickEventArgs.ColumnIndex">
            <summary>
            Index of column clicked
            </summary>
        </member>
        <member name="T:Badget.LibListview.Controls.HoverTypes">
            <summary>
            Types of hover
            </summary>
        </member>
        <member name="F:Badget.LibListview.Controls.HoverTypes.HoverStart">
            <summary>
            Hover has begun
            </summary>
        </member>
        <member name="F:Badget.LibListview.Controls.HoverTypes.HoverEnd">
            <summary>
            Hover ending
            </summary>
        </member>
        <member name="T:Badget.LibListview.Controls.HoverEventArgs">
            <summary>
            Hover event args
            </summary>
        </member>
        <member name="M:Badget.LibListview.Controls.HoverEventArgs.#ctor(Badget.LibListview.Controls.HoverTypes,System.Int32,System.Int32,Badget.LibListview.Controls.GLListRegion)">
            <summary>
            Constructor
            </summary>
            <param name="hovertype"></param>
            <param name="itemindex"></param>
            <param name="columnindex"></param>
            <param name="region"></param>
        </member>
        <member name="P:Badget.LibListview.Controls.HoverEventArgs.HoverType">
            <summary>
            Type of hover
            </summary>
        </member>
        <member name="P:Badget.LibListview.Controls.HoverEventArgs.Region">
            <summary>
            Region being hovered
            </summary>
        </member>
        <member name="P:Badget.LibListview.Controls.HoverEventArgs.ItemIndex">
            <summary>
            Index of item hovered
            </summary>
        </member>
        <member name="P:Badget.LibListview.Controls.HoverEventArgs.ColumnIndex">
            <summary>
            Index of column hovered
            </summary>
        </member>
        <member name="T:Badget.LibListview.Controls.GLSubItem">
            <summary>
            SubItems which make up a GLItem
            </summary>
        </member>
        <member name="E:Badget.LibListview.Controls.GLSubItem.ChangedEvent">
            <summary>
            Sub Item has changed.
            </summary>
        </member>
        <member name="P:Badget.LibListview.Controls.GLSubItem.LastCellRect">
            <summary>
            last rectangle that text was drawn into
            </summary>
        </member>
        <member name="P:Badget.LibListview.Controls.GLSubItem.Checked">
            <summary>
            is the checkbox checked or not
            </summary>
        </member>
        <member name="P:Badget.LibListview.Controls.GLSubItem.Parent">
            <summary>
            pointer to the primary Parent on top
            </summary>
        </member>
        <member name="P:Badget.LibListview.Controls.GLSubItem.EmbeddedControProperties">
            <summary>
            Properties of the embedded controls in the listview
            
            this is brilliant because it also allows people to set properties of controls that I don't know about
            
            the reason I'm even doing this is so many standard control types don't have to be shown
            </summary>
            
        </member>
        <member name="P:Badget.LibListview.Controls.GLSubItem.ForceText">
            <summary>
            Force the sub item display to default to text only
            
            This will override everything.
            </summary>
        </member>
        <member name="P:Badget.LibListview.Controls.GLSubItem.Control">
            <summary>
            Embedded Control
            </summary>
        </member>
        <member name="P:Badget.LibListview.Controls.GLSubItem.ImageIndex">
            <summary>
            Index of image
            </summary>
        </member>
        <member name="P:Badget.LibListview.Controls.GLSubItem.ImageAlignment">
            <summary>
            Alignment of the image within the subitem
            </summary>
        </member>
        <member name="P:Badget.LibListview.Controls.GLSubItem.Tag">
            <summary>
            Extra user information
            </summary>
        </member>
        <member name="P:Badget.LibListview.Controls.GLSubItem.Text">
            <summary>
            Text
            </summary>
        </member>
        <member name="P:Badget.LibListview.Controls.GLSubItem.ForeColor">
            <summary>
            Color of text in item
            </summary>
        </member>
        <member name="P:Badget.LibListview.Controls.GLSubItem.BackColor">
            <summary>
            Background color
            </summary>
        </member>
        <member name="P:Badget.LibListview.Controls.GLSubItem.Selected">
            <summary>
            Indicates when the item is selected
            </summary>
        </member>
        <member name="T:Badget.LibListview.Controls.GLSubItemCollection">
            <summary>
            Sub Item collection
            </summary>
        </member>
        <member name="M:Badget.LibListview.Controls.GLSubItemCollection.#ctor">
            <summary>
            Constructor
            </summary>
        </member>
        <member name="M:Badget.LibListview.Controls.GLSubItemCollection.#ctor(Badget.LibListview.Controls.BadgetListView)">
            <summary>
            Constructor that accepts parent pointer
            </summary>
            <param name="parent"></param>
        </member>
        <member name="E:Badget.LibListview.Controls.GLSubItemCollection.ChangedEvent">
            <summary>
            Sub Item Collection has changed
            </summary>
        </member>
        <member name="M:Badget.LibListview.Controls.GLSubItemCollection.SubItem_Changed(System.Object,Badget.LibListview.Controls.ChangedEventArgs)">
            <summary>
            Sub Item changed handler.
            </summary>
            <param name="source"></param>
            <param name="e"></param>
        </member>
        <member name="M:Badget.LibListview.Controls.GLSubItemCollection.OnClear">
            <summary>
            Clear called against subitems in sub item collection
            </summary>
        </member>
        <member name="P:Badget.LibListview.Controls.GLSubItemCollection.Parent">
            <summary>
            Internal pointer to parent class
            </summary>
        </member>
        <member name="P:Badget.LibListview.Controls.GLSubItemCollection.Item(System.Int32)">
            <summary>
            Indexer
            </summary>
        </member>
        <member name="M:Badget.LibListview.Controls.GLSubItemCollection.AddRange(Badget.LibListview.Controls.GLSubItem[])">
            <summary>
            Add range of sub items
            </summary>
            <param name="subItems"></param>
        </member>
        <member name="M:Badget.LibListview.Controls.GLSubItemCollection.Add(System.String)">
            <summary>
            add an item to the end of the list
            </summary>
            <param name="strItemText"></param>
            <returns></returns>
        </member>
        <member name="M:Badget.LibListview.Controls.GLSubItemCollection.Add(Badget.LibListview.Controls.GLSubItem)">
            <summary>
            add an itemto the items collection
            </summary>
            <param name="subItem"></param>
            <returns></returns>
        </member>
        <member name="M:Badget.LibListview.Controls.GLSubItemCollection.Insert(System.Int32,System.String)">
            <summary>
            insert an item into the list at specified index
            </summary>
            <param name="nIndex"></param>
            <param name="strItemText"></param>
            <returns></returns>
        </member>
        <member name="M:Badget.LibListview.Controls.GLSubItemCollection.Insert(System.Int32,Badget.LibListview.Controls.GLSubItem)">
            <summary>
            lowest level of add/insert.  All add and insert routines eventually call this
            
            in the future always have routines call this one as well to keep one point of entry
            </summary>
            <param name="nIndex"></param>
            <param name="subItem"></param>
            <returns></returns>
        </member>
        <member name="M:Badget.LibListview.Controls.GLSubItemCollection.Remove(System.Int32)">
            <summary>
            remove an item from the list
            </summary>
            <param name="nSubItemIndex"></param>
        </member>
        <member name="M:Badget.LibListview.Controls.GLSubItemCollection.Remove(Badget.LibListview.Controls.GLSubItem)">
            <summary>
            remove an item from the list
            </summary>
            <param name="subItem"></param>
        </member>
        <member name="M:Badget.LibListview.Controls.GLSubItemCollection.ClearSelection">
            <summary>
            Clears all selection bits in the item structure
            </summary>
        </member>
        <member name="T:Badget.LibListview.Controls.GLItem">
            <summary>
            GLItem which corresponds to rows in the list view
            </summary>
        </member>
        <member name="E:Badget.LibListview.Controls.GLItem.ChangedEvent">
            <summary>
            GLItem changed event
            </summary>
        </member>
        <member name="M:Badget.LibListview.Controls.GLItem.SubItemCollection_Changed(System.Object,Badget.LibListview.Controls.ChangedEventArgs)">
            <summary>
            Sub Item collection changed handler
            </summary>
            <param name="source"></param>
            <param name="e"></param>
        </member>
        <member name="M:Badget.LibListview.Controls.GLItem.#ctor">
            <summary>
            Constructor
            </summary>
        </member>
        <member name="M:Badget.LibListview.Controls.GLItem.#ctor(Badget.LibListview.Controls.BadgetListView)">
            <summary>
            Constructor
            </summary>
            <param name="parent"></param>
        </member>
        <member name="P:Badget.LibListview.Controls.GLItem.RowBorderSize">
            <summary>
            row border size
            </summary>
            
        </member>
        <member name="P:Badget.LibListview.Controls.GLItem.SubItems">
            <summary>
            Text color for item
            </summary>
        </member>
        <member name="P:Badget.LibListview.Controls.GLItem.BackColor">
            <summary>
            Row border color
            </summary>
            
        </member>
        <member name="P:Badget.LibListview.Controls.GLItem.RowBorderColor">
            <summary>
            Row border color
            </summary>
            
        </member>
        <member name="P:Badget.LibListview.Controls.GLItem.Text">
            <summary>
            Text for cell 0 (added by popular request)
            </summary>
        </member>
        <member name="P:Badget.LibListview.Controls.GLItem.Tag">
            <summary>
            User defineable object
            </summary>
        </member>
        <member name="P:Badget.LibListview.Controls.GLItem.ForeColor">
            <summary>
            Text color for item
            </summary>
        </member>
        <member name="P:Badget.LibListview.Controls.GLItem.Parent">
            <summary>
            pointer to parent
            </summary>
        </member>
        <member name="P:Badget.LibListview.Controls.GLItem.Selected">
            <summary>
            Selected
            </summary>
        </member>
        <member name="T:Badget.LibListview.Controls.GLItemCollection">
            <summary>
            Collection of GLItems
            </summary>
        </member>
        <member name="E:Badget.LibListview.Controls.GLItemCollection.ChangedEvent">
            <summary>
            Fires when a change occurs to the data
            </summary>
        </member>
        <member name="M:Badget.LibListview.Controls.GLItemCollection.Item_Changed(System.Object,Badget.LibListview.Controls.ChangedEventArgs)">
            <summary>
            item has changed
            </summary>
            <param name="source"></param>
            <param name="e"></param>
        </member>
        <member name="M:Badget.LibListview.Controls.GLItemCollection.OnClear">
            <summary>
            Items have been cleared event
            </summary>
        </member>
        <member name="M:Badget.LibListview.Controls.GLItemCollection.#ctor(Badget.LibListview.Controls.BadgetListView)">
            <summary>
            Constructor
            </summary>
            <param name="newParent"></param>
        </member>
        <member name="P:Badget.LibListview.Controls.GLItemCollection.SuspendEvents">
            <summary>
            this is used for operations where you are changing multiple items consecutively and don't want to send 
            a larger number of change events than necessary.
            </summary>
        </member>
        <member name="P:Badget.LibListview.Controls.GLItemCollection.Parent">
            <summary>
            Sets the parent variable so we know what to refresh when there is a change
            </summary>
            
        </member>
        <member name="P:Badget.LibListview.Controls.GLItemCollection.Item(System.Int32)">
            <summary>
            Indexer that allows the use of Items by []
            </summary>
            
        </member>
        <member name="P:Badget.LibListview.Controls.GLItemCollection.SelectedItems">
            <summary>
            returns a list of only the selected items
            </summary>
        </member>
        <member name="P:Badget.LibListview.Controls.GLItemCollection.SelectedIndicies">
            <summary>
            returns a list of only the selected items indexes
            </summary>
        </member>
        <member name="M:Badget.LibListview.Controls.GLItemCollection.AddRange(Badget.LibListview.Controls.GLItem[])">
            <summary>
            Compatability with collection editor
            </summary>
            <param name="items"></param>
        </member>
        <member name="M:Badget.LibListview.Controls.GLItemCollection.Add(System.String)">
            <summary>
            add an item to the end of the list
            </summary>
            <param name="strItemText"></param>
            <returns></returns>
        </member>
        <member name="M:Badget.LibListview.Controls.GLItemCollection.Add(Badget.LibListview.Controls.GLItem)">
            <summary>
            add an itemto the items collection
            </summary>
            <param name="item"></param>
            <returns></returns>
        </member>
        <member name="M:Badget.LibListview.Controls.GLItemCollection.Insert(System.Int32,System.String)">
            <summary>
            insert an item into the list at specified index
            </summary>
            <param name="nIndex"></param>
            <param name="strItemText"></param>
            <returns></returns>
        </member>
        <member name="M:Badget.LibListview.Controls.GLItemCollection.Insert(System.Int32,Badget.LibListview.Controls.GLItem)">
            <summary>
            lowest level of add/insert.  All add and insert routines eventually call this
            
            in the future always have routines call this one as well to keep one point of entry
            </summary>
            <param name="nIndex"></param>
            <param name="item"></param>
            <returns></returns>
        </member>
        <member name="M:Badget.LibListview.Controls.GLItemCollection.Remove(System.Int32)">
            <summary>
            remove an item from the list
            </summary>
            <param name="nItemIndex"></param>
        </member>
        <member name="M:Badget.LibListview.Controls.GLItemCollection.Remove(Badget.LibListview.Controls.GLItem)">
            <summary>
            remove an item from the list
            </summary>
            <param name="item"></param>
        </member>
        <member name="M:Badget.LibListview.Controls.GLItemCollection.ClearSelection">
            <summary>
            Clears all selection bits in the item structure
            </summary>
        </member>
        <member name="M:Badget.LibListview.Controls.GLItemCollection.ClearSelection(Badget.LibListview.Controls.GLItem)">
            <summary>
            Clears all selection bits in the item structure
            
            this overload is an optimization to stop a redraw on a re-selection
            </summary>
        </member>
        <member name="M:Badget.LibListview.Controls.GLItemCollection.FindNextItemIndex(System.Int32,System.Int32,System.String)">
            <summary>
            Find the next item index
            
            set startindex to -1 to start at the beginning
            </summary>
            <param name="nStartIndex"></param>
            <param name="nColumn"></param>
            <param name="strItemText"></param>
            <returns></returns>
        </member>
        <member name="M:Badget.LibListview.Controls.GLItemCollection.GetNextSelectedItemIndex(System.Int32)">
            <summary>
            Get the next selected item index.
            
            set startindex to -1 to start at the beginning
            </summary>
            <param name="nStartIndex"></param>
            <returns></returns>
        </member>
        <member name="M:Badget.LibListview.Controls.GLItemCollection.FindItemIndex(Badget.LibListview.Controls.GLItem)">
            <summary>
            Find the index of a specified item
            </summary>
            <param name="item"></param>
            <returns></returns>
        </member>
        <member name="T:Badget.LibListview.Controls.GLItemConverter">
            <summary>
            GLItemConverter
            </summary>
            
        </member>
        <member name="M:Badget.LibListview.Controls.GLItemConverter.CanConvertTo(System.ComponentModel.ITypeDescriptorContext,System.Type)">
            <summary>
            Conversion from Item to string
            </summary>
            <param name="context"></param>
            <param name="destinationType"></param>
            <returns></returns>
        </member>
        <member name="M:Badget.LibListview.Controls.GLItemConverter.ConvertTo(System.ComponentModel.ITypeDescriptorContext,System.Globalization.CultureInfo,System.Object,System.Type)">
            <summary>
            Conversion to string
            </summary>
            <param name="context"></param>
            <param name="culture"></param>
            <param name="value"></param>
            <param name="destinationType"></param>
            <returns></returns>
        </member>
        <member name="T:Badget.LibListview.Controls.GLSubItemConverter">
            <summary>
            GLSubItemConverter
            </summary>
        </member>
        <member name="M:Badget.LibListview.Controls.GLSubItemConverter.CanConvertTo(System.ComponentModel.ITypeDescriptorContext,System.Type)">
            <summary>
            Conversion from Item to string
            </summary>
            <param name="context"></param>
            <param name="destinationType"></param>
            <returns></returns>
        </member>
        <member name="M:Badget.LibListview.Controls.GLSubItemConverter.ConvertTo(System.ComponentModel.ITypeDescriptorContext,System.Globalization.CultureInfo,System.Object,System.Type)">
            <summary>
            Conversion to string
            </summary>
            <param name="context"></param>
            <param name="culture"></param>
            <param name="value"></param>
            <param name="destinationType"></param>
            <returns></returns>
        </member>
        <member name="T:Badget.LibListview.Controls.ManagedVScrollBar">
            <summary>
            Summary description for ManagedVScrollBar.
            </summary>
        </member>
        <member name="T:Badget.LibListview.Controls.ThemeRoutines">
            <summary>
            Summary description for ThemeRoutines.
            </summary>
        </member>
        <member name="M:Badget.LibListview.Controls.ThemeRoutines.IsThemeActive">
            <summary>
            Tests if a visual style for the current application is active.
            </summary>
        </member>
        <member name="M:Badget.LibListview.Controls.ThemeRoutines.OpenThemeData(System.IntPtr,System.String)">
            <summary>
            Opens the theme data for a window and its associated class.
            </summary>
        </member>
        <member name="M:Badget.LibListview.Controls.ThemeRoutines.CloseThemeData(System.IntPtr)">
            <summary>Closes the theme data handle.</summary>
            <remarks>The CloseThemeData function should be called when a window that has a visual style applied is destroyed.</remarks> 
        </member>
        <member name="M:Badget.LibListview.Controls.ThemeRoutines.DrawThemeBackground(System.IntPtr,System.IntPtr,System.Int32,System.Int32,Badget.LibListview.Controls.RECT@,Badget.LibListview.Controls.RECT@)">
            <summary>
            Draws the background image defined by the visual style for the specified control part.
            </summary>
        </member>
        <member name="M:Badget.LibListview.Controls.ThemeRoutines.DrawThemeEdge(System.IntPtr,System.IntPtr,System.Int32,System.Int32,Badget.LibListview.Controls.RECT@,System.UInt32,System.UInt32,Badget.LibListview.Controls.RECT@)">
            <summary>
            Draws one or more edges defined by the visual style of a rectangle.
            </summary>
        </member>
        <member name="M:Badget.LibListview.Controls.ThemeRoutines.DrawThemeIcon(System.IntPtr,System.IntPtr,System.Int32,System.Int32,Badget.LibListview.Controls.RECT@,System.IntPtr,System.Int32)">
            <summary>
            Draws an image from an image list with the icon effect defined by the visual style.
            </summary>
        </member>
        <member name="M:Badget.LibListview.Controls.ThemeRoutines.DrawThemeText(System.IntPtr,System.IntPtr,System.Int32,System.Int32,System.String,System.Int32,System.UInt32,System.UInt32,Badget.LibListview.Controls.RECT@)">
            <summary>
            Draws text using the color and font defined by the visual style.
            </summary>
        </member>
        <member name="M:Badget.LibListview.Controls.ThemeRoutines.DrawThemeParentBackground(System.IntPtr,System.IntPtr,Badget.LibListview.Controls.RECT@)">
            <summary>
            Draws the part of a parent control that is covered by a partially-transparent or alpha-blended child control.
            </summary>
        </member>
        <member name="M:Badget.LibListview.Controls.ThemeRoutines.SetWindowTheme(System.IntPtr,System.String,System.String)">
            <summary>
            Causes a window to use a different set of visual style information than its class normally uses.
            </summary>
        </member>
        <member name="T:Badget.LibListview.Controls.Win32">
            <summary>
            Summary description for Win32.
            </summary>
        </member>
        <member name="T:Badget.LibListview.Saving.CSVItemsFile">
            <summary>
            Provides a <see cref="T:Badget.LibListview.Saving.CSVItemsFile"/> Class 
            </summary>
        </member>
        <member name="M:Badget.LibListview.Saving.CSVItemsFile.LoadItemsFromFile(System.Windows.Forms.ListView,System.String)">
            <summary>
            Load Items from a CSV File (only Item Text)
            </summary>
            <param name="listview">ListView</param>
            <param name="file">File to load Items from</param>
        </member>
        <member name="M:Badget.LibListview.Saving.CSVItemsFile.LoadItemsFromFile(System.String)">
            <summary>
            Load Items from a CSV File (only Item Text)
            </summary>
            <param name="file">File which contains items</param>
            <returns></returns>
        </member>
        <member name="M:Badget.LibListview.Saving.CSVItemsFile.SaveItemsToFile(System.Windows.Forms.ListView,System.String)">
            <summary>
            Save Items to a CSV File (only Item Text)
            </summary>
            <param name="listview">ListView which contains the Items to save</param>
            <param name="file">File to save Items in</param>
        </member>
        <member name="M:Badget.LibListview.Saving.CSVItemsFile.SaveItemsToFile(System.Windows.Forms.ListView.ListViewItemCollection,System.String)">
            <summary>
            Save Items to a CSV File (only Item Text)
            </summary>
            <param name="items">Items to save</param>
            <param name="file">File to save items in</param>
        </member>
        <member name="T:Badget.LibListview.Saving.XMLItemsFile">
            <summary>
            Provides a <see cref="T:Badget.LibListview.Saving.XMLItemsFile"/> Class
            </summary>
        </member>
        <member name="M:Badget.LibListview.Saving.XMLItemsFile.LoadItemsFromFile(System.Windows.Forms.ListView,System.String)">
            <summary>
            Loads items from a file in a specific ListView
            </summary>
            <param name="listview">specific ListView</param>
            <param name="file">file to save</param>
        </member>
        <member name="M:Badget.LibListview.Saving.XMLItemsFile.LoadItemsFromFile(System.String)">
            <summary>
            Loads items from a file and returns there
            </summary>
            <param name="file">file wich contains the XML Data</param> 
            <returns></returns>
        </member>
        <member name="M:Badget.LibListview.Saving.XMLItemsFile.SaveItemsToFile(System.Windows.Forms.ListView,System.String)">
            <summary>
            Save Items from a ListView to a File
            </summary>
            <param name="listview">ListView which contains the Items</param>
            <param name="file">File to save</param>
        </member>
        <member name="M:Badget.LibListview.Saving.XMLItemsFile.SaveItemsToFile(System.Windows.Forms.ListView.ListViewItemCollection,System.String)">
            <summary>
            Save Items to a File
            </summary>
            <param name="items">Items to save</param>
            <param name="file">File to save</param>
        </member>
        <member name="T:Badget.LibListview.Sorting.Sorter">
            <summary>
            Provides a class which Supporting Sorting on Columns Click
            </summary>
        </member>
        <member name="M:Badget.LibListview.Sorting.Sorter.RegisterSorter(System.Windows.Forms.ListView,System.Boolean)">
            <summary>
            Registers a Sorter for your ListView
            </summary>
            <param name="listview">ListView where Sorter is working</param>
            <param name="showSortArrow">Wheter a SortArrow is shown when SortOrder Changes</param>
            <returns></returns>
        </member>
        <member name="M:Badget.LibListview.Sorting.Sorter.Dispose">
            <summary>
            Disposes all used Resources and unregister the SortEvent
            </summary>
        </member>
        <member name="M:Badget.LibListview.Sorting.Sorter.Finalize">
            <summary>
            Destructor
            </summary>
        </member>
        <member name="T:Badget.LibListview.Web.WebSupport">
            <summary>
            Provides a class which supports Web-Download and Parsing
            </summary>
        </member>
        <member name="M:Badget.LibListview.Web.WebSupport.LoadItemsFromWebXML(System.String)">
            <summary>
            Downloads XML Data from a URL and try to parse it in a supported XML Format
            </summary>
            <param name="url">URL to Data</param>
            <returns></returns>
        </member>
        <member name="M:Badget.LibListview.Web.WebSupport.LoadItemsFromWebCSV(System.String)">
            <summary>
            Download CSV Data from a URL and try to parse it to a valid CSV ItemTable
            </summary>
            <param name="url">URL to Data</param>
            <returns></returns>
        </member>
    </members>
</doc>
